T,Tbar,mu,mubar,sw_end_t,sw_end_x,univ_point_t,univ_point_x,outcome,err_sw_t,err_sw_x
15,60.0,0.06666666666666667,0.0166666666667,14.2108227475,0.949968876607,696.4854045160591,0.840158029272,5.31287155731670,-4.21621982337e-08,-1.68115135522e-08,1.65978342181e-14
15,59.75,0.06666666666666667,0.0167364016736,14.2146295912,0.949785486031,696.8800416041083,0.836030617033,5.29061826823764,-3.97196339337e-08,-1.76227786803e-07,-1.3160444956e-12
15,59.5,0.06666666666666667,0.0168067226891,14.1961061326,0.949600636733,696.4682920260809,0.840010602897,5.26663763799190,-4.10902774562e-08,1.78875941345e-08,6.43235464892e-14
15,59.25,0.06666666666666667,0.0168776371308,14.1940399206,0.94941443849,696.6574802128746,0.837983811372,5.24347245483965,-4.16386775609e-08,-5.03058882632e-08,-6.2391064537e-13
15,59.0,0.06666666666666667,0.0169491525424,14.2302148456,0.949226893702,698.1147547923466,0.821637641527,5.23347053246359,-5.58651977374e-08,-7.35017526454e-07,5.07371922254e-14
15,58.75,0.06666666666666667,0.0170212765957,14.2355976524,0.949037956778,698.4985653170364,0.816653957471,5.21747031655238,-6.21315775126e-08,-9.28985051174e-07,1.17308940339e-12
15,58.5,0.06666666666666667,0.017094017094,14.1739760866,0.948847398423,696.7240494860092,0.836838729828,5.17333741010621,-4.36799471808e-08,-3.76114802598e-08,-1.95338190068e-12
15,58.25,0.06666666666666667,0.0171673819742,14.1660937585,0.94865545132,696.7058548102153,0.836858414762,5.14979448318087,-4.85018487135e-08,-1.53973675622e-08,8.63939336737e-11
15,58.0,0.06666666666666667,0.0172413793103,14.1585659178,0.948462122463,696.7016348447535,0.836736499553,5.12620430869679,-4.85734991383e-08,7.70242131396e-10,1.17207632488e-12
15,57.75,0.06666666666666667,0.017316017316,14.1612821229,0.948267359999,697.0741522924043,0.83276819851,5.10313741156835,-4.67037227005e-08,-1.52304265665e-07,1.82717729835e-12
15,57.5,0.06666666666666667,0.0173913043478,14.1294164579,0.948071049753,696.1541602737694,0.841633687124,5.08066501931861,-4.88090976618e-08,2.64929051232e-07,-3.74977826567e-13
15,57.25,0.06666666666666667,0.0174672489083,14.1513791842,0.947873220126,697.2611869007002,0.830461537888,5.05611794464766,-4.91791827439e-08,-2.1029492784e-07,2.50038878491e-12
15,57.0,0.06666666666666667,0.0175438596491,14.1731333565,0.947673908247,698.2443957506073,0.8189812303,5.04221259397703,-6.02575497609e-08,-6.87277553113e-07,5.67906832671e-13
15,56.75,0.06666666666666667,0.0176211453744,14.1398822226,0.947472976744,697.397856166921,0.828663641921,5.00866980621152,-5.06259196702e-08,-2.45585748921e-07,4.33014735179e-13
15,56.5,0.06666666666666667,0.0176991150442,14.1190829696,0.947270496824,696.9241805468009,0.833489316968,4.98318462914133,-5.04825903266e-08,-1.05268295155e-08,2.28983498829e-15
15,56.25,0.06666666666666667,0.0177777777778,14.1114933232,0.947066447066,696.9298913187412,0.833259406238,4.95909100570599,-5.12524259399e-08,1.94436810089e-09,-2.69206185122e-12
15,56.0,0.06666666666666667,0.0178571428571,14.107301799,0.946860792544,697.0644626077778,0.83171060197,4.93497480090617,-5.21897517936e-08,-4.4216758326e-08,-9.2932606055e-14
15,55.75,0.06666666666666667,0.0179372197309,14.1490684665,0.946653620422,698.7301793836109,0.812110147698,4.92775490583313,-6.91576278247e-08,-8.7910892559e-07,-9.76121961038e-13
15,55.5,0.06666666666666667,0.018018018018,14.0886886465,0.946444590947,696.9563205500261,0.832466267818,4.88641240078562,-5.433358834e-08,3.58574146541e-08,-2.18228907167e-12
15,55.25,0.06666666666666667,0.0180995475113,14.1045998004,0.946234036643,697.8200647408464,0.822985290516,4.86499393971448,-5.73896551295e-08,-3.61292264681e-07,1.30589983272e-14
15,55.0,0.06666666666666667,0.0181818181818,14.1049717476,0.946021765157,698.1074230362913,0.819464479046,4.84300075685664,-6.21116173197e-08,-4.93007518518e-07,-6.38852859502e-12
15,54.75,0.06666666666666667,0.0182648401826,14.1171088604,0.945807898998,698.7592549359465,0.811180936333,4.82791087017743,-6.98685656385e-08,-8.32366600889e-07,-1.96925808993e-14
15,54.5,0.06666666666666667,0.0183486238532,14.0631314081,0.945592115525,697.2013767184807,0.829235578418,4.78842001605655,-5.69321567782e-08,-1.43061601625e-08,-7.49528911159e-13
15,54.25,0.06666666666666667,0.0184331797235,14.0586422823,0.945374670753,697.3392669229607,0.827615062772,4.76383203213102,-5.88456771287e-08,-6.29970517333e-08,1.58853485921e-12
15,54.0,0.06666666666666667,0.0185185185185,14.0564018618,0.945155515011,697.5586789394043,0.825068722691,4.73951887287766,-5.78679655929e-08,-1.52855134866e-07,-1.53327350816e-12
15,53.75,0.06666666666666667,0.0186046511628,14.0615559431,0.944934532571,698.0377276538155,0.819488834707,4.71726637919396,-6.20920251317e-08,-3.76731263913e-07,-9.84344550314e-13
15,53.5,0.06666666666666667,0.018691588785,14.0329660235,0.944711725468,697.3047499982134,0.827424711751,4.68928117904067,-5.99725441582e-08,1.77175072717e-09,1.79682657642e-14
15,53.25,0.06666666666666667,0.018779342723,14.0144217936,0.944487131251,696.9097427706905,0.831259118912,4.66523980441303,-6.02159439511e-08,2.02196230103e-07,3.18911563824e-13
15,53.0,0.06666666666666667,0.0188679245283,14.0195318793,0.944260645211,697.4315206149547,0.825718837136,4.63928996190199,-6.04906391787e-08,-2.54178798247e-08,1.04571906689e-12
15,52.75,0.06666666666666667,0.0189573459716,14.0198258395,0.944032299473,697.7577310834463,0.82198708782,4.61477369402870,-6.15144452018e-08,-1.68533806702e-07,2.73936359707e-11
15,52.5,0.06666666666666667,0.0190476190476,14.0416047361,0.943802068137,698.8024984304552,0.809291614476,4.59910551819087,-7.36756076555e-08,-7.07995939298e-07,-1.5589474156e-12
15,52.25,0.06666666666666667,0.0191387559809,14.0120893871,0.943569874778,698.1001262250766,0.817737402047,4.56570809118161,-6.40874694491e-08,-3.08944653129e-07,6.317307788e-13
15,52.0,0.06666666666666667,0.0192307692308,13.9902373187,0.943335694736,697.6189959675048,0.822952993864,4.53844038199543,-6.5291406979e-08,-4.87402080789e-08,-3.86433940402e-13
15,51.75,0.06666666666666667,0.0193236714976,14.003032153,0.943099628754,698.3964010811055,0.813860622785,4.51675721569255,-6.84592044686e-08,-4.31958860277e-07,-1.16406884132e-13
15,51.5,0.06666666666666667,0.0194174757282,13.9716861966,0.942861500583,697.5774262878309,0.823009891637,4.48751097700707,-6.5463244305e-08,6.25080404223e-09,-4.69242700252e-14
15,51.25,0.06666666666666667,0.019512195122,13.9631190889,0.942621341243,697.5870107521696,0.822709415645,4.46196870393431,-6.7768741423e-08,1.91323659605e-08,-1.26012811297e-11
15,51.0,0.06666666666666667,0.0196078431373,13.9562311712,0.942379210118,697.6631513166619,0.821696623153,4.43633933325861,-6.50581748122e-08,-4.62861154027e-10,-2.53028153985e-12
15,50.75,0.06666666666666667,0.0197044334975,13.9727881399,0.942134957496,698.5917176607014,0.810777889558,4.41489964765562,-7.06932361992e-08,-4.67989067667e-07,-9.87543380404e-13
15,50.5,0.06666666666666667,0.019801980198,13.970140107,0.941888605944,698.8138045997687,0.807831102323,4.39115969714702,-7.29478375651e-08,-5.74057552201e-07,-2.04541938942e-12
15,50.25,0.06666666666666667,0.0199004975124,13.931801096,0.9416400726,697.7617125000697,0.820027493781,4.35904032535475,-6.66677121056e-08,4.64161746648e-09,-2.64180344267e-12
15,50.0,0.06666666666666667,0.02,13.9266536406,0.94138940828,697.9133917883597,0.81815318607,4.33318606290407,-6.71116651753e-08,-5.39374341602e-08,5.60072821454e-14
15,49.75,0.06666666666666667,0.0201005025126,13.935565429,0.941136560214,698.5792431245663,0.810211031185,4.30998556446141,-7.08056811295e-08,-3.88116423016e-07,1.33212885167e-13
15,49.5,0.06666666666666667,0.020202020202,13.9083012319,0.940881471417,697.9176163235916,0.817700390639,4.28109801128485,-6.80990887878e-08,-1.89063352186e-08,-4.81364947902e-13
15,49.25,0.06666666666666667,0.0203045685279,13.8990628374,0.940624150957,697.9208984780653,0.817459090928,4.25496450878574,-6.80932911688e-08,-1.67244537853e-09,-7.95686433408e-13
15,49.0,0.06666666666666667,0.0204081632653,13.8826526665,0.94036454266,697.6439359882296,0.820228770331,4.22923635218800,-6.91695178977e-08,1.56544161213e-07,5.54609136394e-12
15,48.75,0.06666666666666667,0.0205128205128,13.8912425071,0.94010262897,698.3391696200608,0.812295511891,4.20311296832213,-6.94802972052e-08,-1.82725502273e-07,1.43024481147e-13
15,48.5,0.06666666666666667,0.020618556701,13.8741086071,0.939838363852,698.0515825926452,0.815372505804,4.17615834752731,-6.92791893518e-08,-1.18044774696e-08,-9.31026089557e-15
15,48.25,0.06666666666666667,0.020725388601,13.8502682426,0.939571768795,697.4822977786492,0.82124374416,4.15138313920017,-6.92975210545e-08,2.95110273113e-07,6.8123284791e-13
15,48.0,0.06666666666666667,0.0208333333333,13.8602848571,0.939302696008,698.259965186086,0.812588984264,4.12338358748598,-6.95417482707e-08,-8.23303200123e-08,-8.03968003282e-13
15,47.75,0.06666666666666667,0.020942408377,13.8553206497,0.9390311896,698.4414300725002,0.810273830984,4.09716332324783,-7.18264538628e-08,-1.60069466017e-07,-6.20420381736e-13
15,47.5,0.06666666666666667,0.0210526315789,13.8399240927,0.93875724016,698.2285936859654,0.812515476214,4.07009659429499,-7.11108216193e-08,-2.60141023459e-08,1.68054545974e-12
15,47.25,0.06666666666666667,0.021164021164,13.8379347289,0.938480802808,698.5298139746889,0.808810324537,4.04388404096021,-7.03984092235e-08,-1.68360310532e-07,-9.97535387626e-14
15,47.0,0.06666666666666667,0.0212765957447,13.838099979,0.938201811013,698.9054339963244,0.804044119745,4.01880755197913,-7.21040075761e-08,-3.58615059556e-07,-4.13347134298e-12
15,46.75,0.06666666666666667,0.0213903743316,13.7947034114,0.937920245254,697.6037909571938,0.818575275951,3.99205882415778,-7.10260171773e-08,3.57110185088e-07,-1.02787223177e-12
15,46.5,0.06666666666666667,0.0215053763441,13.8158382609,0.937636009748,698.8329381853456,0.804532376339,3.96416601256007,-7.21208984874e-08,-2.75970483703e-07,-1.09916242774e-12
15,46.25,0.06666666666666667,0.0216216216216,13.8060529389,0.937349170012,698.8489275050607,0.804119202032,3.93708028255800,-7.12826628773e-08,-2.64529113376e-07,-5.72713196312e-11
15,46.0,0.06666666666666667,0.0217391304348,13.7863123374,0.937059607015,698.4892883153054,0.808189707517,3.90891256057547,-7.10321653363e-08,-4.28884716984e-08,8.72274474872e-13
15,45.75,0.06666666666666667,0.0218579234973,13.777377216,0.936767347222,698.5425413947515,0.807335775629,3.88181717600576,-7.0404289797e-08,-5.11979932894e-08,8.36053448694e-13
15,45.5,0.06666666666666667,0.021978021978,13.7680064113,0.93647231707,698.5823161672755,0.806639467202,3.85464209577758,-6.988910618e-08,-5.18432418128e-08,-4.68833305511e-13
15,45.25,0.06666666666666667,0.0220994475138,13.7581980366,0.936174467927,698.6083900692365,0.806102735625,3.82738731156798,-7.00231963759e-08,-4.46901240121e-08,2.48953635484e-12
15,45.0,0.06666666666666667,0.0222222222222,13.7499783786,0.935873767944,698.6998012190786,0.804796418922,3.80013148458622,-7.03598128996e-08,-7.37546990505e-08,-3.0957042485e-11
15,44.75,0.06666666666666667,0.0223463687151,13.7414061093,0.935570203101,698.7796972610877,0.803607506549,3.77281587691977,-6.90900495596e-08,-9.70572570262e-08,5.41677813715e-13
15,44.5,0.06666666666666667,0.0224719101124,13.7474843197,0.935263695888,699.4107849230028,0.795483740763,3.74823132583148,-7.25905990975e-08,-4.45855298691e-07,2.73142619633e-13
15,44.25,0.06666666666666667,0.0225988700565,13.7083490543,0.93495419305,698.3168786242817,0.808452742057,3.71836679757552,-6.94321571782e-08,2.03603133299e-07,-7.72437669383e-14
15,44.0,0.06666666666666667,0.0227272727273,13.690188598,0.934641733197,698.0098647681485,0.811530233127,3.69254360533338,-6.83417329697e-08,3.90820992599e-07,1.33032473926e-13
15,43.75,0.06666666666666667,0.0228571428571,13.697717186,0.934326088506,698.7674466358521,0.802797495802,3.66250222413502,-6.88167335887e-08,8.4529917669e-11,2.06859529506e-12
15,43.5,0.06666666666666667,0.0229885057471,13.6833820037,0.934007327347,698.635175915878,0.80408943689,3.63494209772233,-7.32259516889e-08,9.76141361904e-08,-9.20735709897e-13
15,43.25,0.06666666666666667,0.0231213872832,13.6820073663,0.933685577612,699.021712288338,0.79924619221,3.60717893271572,-6.67773267772e-08,-1.00359515556e-07,4.15500966966e-14
15,43.0,0.06666666666666667,0.0232558139535,13.676115178,0.933360546399,699.2295726048025,0.796438339521,3.57977330666794,-6.56725179858e-08,-1.99477620949e-07,-9.52612988492e-13
15,42.75,0.06666666666666667,0.0233918128655,13.6922169071,0.933032272888,700.2272688548923,0.782759994093,3.56021550888396,-7.64401498827e-08,-8.09891898505e-07,-1.02473585173e-13
15,42.5,0.06666666666666667,0.0235294117647,13.6577496561,0.932700665921,697.5667033949862,0.814338001388,3.53216987566213,-5.05253724107e-08,7.67409542709e-07,-9.73192880449e-13
15,42.25,0.06666666666666667,0.0236686390533,13.6543087589,0.93236566552,699.7042908448936,0.789575690289,3.49775042052374,-6.67902825199e-08,-4.20466196811e-07,-2.52488308039e-12
15,42.0,0.06666666666666667,0.0238095238095,13.6422978126,0.932027307936,699.6917281826052,0.789503160912,3.46929908363796,-6.46105164644e-08,-3.88464791785e-07,2.84920559368e-11
15,41.75,0.06666666666666667,0.0239520958084,13.6316314329,0.931685472738,699.7329419894755,0.788715498203,3.44115377987906,-6.406448015e-08,-3.90134018438e-07,-9.445222382e-14
15,41.5,0.06666666666666667,0.0240963855422,13.6084742609,0.931340138181,699.2974768009856,0.794078097162,3.41104555640684,-5.95094739951e-08,-9.55819142293e-08,-1.66672231572e-14
15,41.25,0.06666666666666667,0.0242424242424,13.6094268626,0.930991235338,699.7933051384223,0.787422964782,3.38454159446800,-6.06381677432e-08,-3.79084387615e-07,-5.28868615568e-13
15,41.0,0.06666666666666667,0.0243902439024,13.5764463806,0.930638689606,698.9647596623957,0.79757451627,3.35466493050845,-5.74812814e-08,1.52929373995e-07,-3.52579077045e-13
15,40.75,0.06666666666666667,0.0245398773006,13.5968378156,0.930282503326,700.2247895778615,0.781022339049,3.33066018130878,-6.12345943922e-08,-6.11327078642e-07,4.66821026279e-13
15,40.5,0.06666666666666667,0.0246913580247,13.5879753167,0.929922539938,700.3493947090078,0.779010464797,3.30308689713994,-6.14233412827e-08,-6.70409144755e-07,1.62467261866e-13
15,40.25,0.06666666666666667,0.0248447204969,13.5506888728,0.929558622141,699.4003206892746,0.791457453811,3.26908140242536,-6.05281609486e-08,-3.0408056643e-08,3.18023385404e-13
15,40.0,0.06666666666666667,0.025,13.5472068464,0.929191100864,699.7530585420819,0.786682178923,3.24115635089203,-5.32104097571e-08,-2.24708139071e-07,2.93820523467e-13
15,39.75,0.06666666666666667,0.0251572327044,13.5289575274,0.928819491068,699.524917682549,0.789339355901,3.21197596491925,-5.40990040058e-08,-5.45142894053e-08,2.18461360113e-12
15,39.5,0.06666666666666667,0.0253164556962,13.5278862017,0.928444049269,699.9793283715239,0.783148475492,3.18450401834106,-4.77248014177e-08,-3.17799897534e-07,-2.07337098879e-12
15,39.25,0.06666666666666667,0.0254777070064,13.5085614285,0.928064440233,699.7204415639354,0.786289018682,3.15477947130417,-4.46312417399e-08,-1.23498618673e-07,3.73379278884e-12
15,39.0,0.06666666666666667,0.025641025641,13.4917128061,0.927680715117,699.5562454434665,0.78809261217,3.12584914522846,-4.23615782749e-08,7.51164633318e-09,5.86877768605e-13
15,38.75,0.06666666666666667,0.0258064516129,13.5159180647,0.927292882383,700.9642280464562,0.768214441325,3.10644249641835,-5.13686910453e-08,-9.21826790957e-07,-2.03172895175e-12
15,38.5,0.06666666666666667,0.025974025974,13.4682621545,0.926900602802,699.6558721262727,0.786249173677,3.06820252994037,-3.90729658217e-08,4.6846348288e-10,3.93296506473e-14
15,38.25,0.06666666666666667,0.0261437908497,13.4484936191,0.926504136672,699.3769195243888,0.789403194654,3.03978603944592,-3.45311136016e-08,2.03519867975e-07,2.70145017467e-13
15,38.0,0.06666666666666667,0.0263157894737,13.4456440957,0.926103192109,699.8082611670453,0.783708926637,3.01038276734893,-3.28310844974e-08,-4.01528537255e-08,-7.11930514541e-14
15,37.75,0.06666666666666667,0.0264900662252,13.4341537871,0.925697813846,699.8842916126432,0.7824284565,2.98141703183724,-2.86904270023e-08,-6.05166037593e-08,-3.05928893329e-13
15,37.5,0.06666666666666667,0.0266666666667,13.4258522114,0.925287868049,700.0941440891099,0.779368267355,2.95265574073098,-2.53647416169e-08,-1.69715475235e-07,5.79897241337e-13
15,37.25,0.06666666666666667,0.0268456375839,13.4069116188,0.924873260204,699.8761916019408,0.781923372422,2.92326778909662,-2.24280933976e-08,3.43798960413e-09,1.75198744401e-12
15,37.0,0.06666666666666667,0.027027027027,13.3940373261,0.924453858066,699.9107566475757,0.781166961956,2.89415066087433,-2.47321011989e-08,1.07346781659e-08,-1.35613742458e-13
15,36.75,0.06666666666666667,0.0272108843537,13.3817177357,0.924029709043,699.973176541297,0.780045188677,2.86499038902052,-2.3442172592e-08,-1.25175587736e-10,-6.63358257214e-15
15,36.5,0.06666666666666667,0.027397260274,13.3689814615,0.923600833756,700.0227207432794,0.779084601795,2.83579188957923,-1.19712022291e-08,-2.42071560762e-09,6.68215482946e-14
15,36.25,0.06666666666666667,0.0275862068966,13.3559972379,0.923166748087,700.0674513683723,0.7781815815,2.80655514616966,-1.17030799877e-08,-1.36138063502e-09,-1.15546461288e-13
15,36.0,0.06666666666666667,0.0277777777778,13.342871777,0.92272680644,700.1096435157136,0.777306828715,2.77728174229147,-3.93836442211e-08,1.57488372662e-09,1.52530765796e-13
15,35.75,0.06666666666666667,0.027972027972,13.3295634509,0.922283862014,700.1588417333736,0.776335131963,2.74797300556784,-2.02132761924e-14,-4.46845700146e-14,-1.12410081243e-14
15,35.5,0.06666666666666667,0.0281690140845,13.3161022763,0.921834723845,700.2059668068533,0.775385307864,2.71863050479046,-3.2827535114e-13,-1.16397241932e-13,4.51333415086e-13
15,35.25,0.06666666666666667,0.0283687943262,13.3025118413,0.921380247542,700.2533378533814,0.77442687679,2.68925575833145,-2.79773498106e-13,-5.40247288864e-16,-1.23713539413e-13
15,35.0,0.06666666666666667,0.0285714285714,13.2887928074,0.920920326862,700.3009569331932,0.773459725176,2.65985035226412,-1.61734188308e-14,-3.67042432604e-15,3.31283611654e-13
15,34.75,0.06666666666666667,0.0287769784173,13.2749445473,0.920454856864,700.348826202663,0.772483736842,2.63041591980720,2.53712907362e-14,-3.62066004558e-14,5.1195159223e-14
15,34.5,0.06666666666666667,0.0289855072464,13.2609657479,0.919983732752,700.3969011037674,0.771498784059,2.60095415219850,-2.60890851752e-13,-1.79230939471e-13,1.43446365897e-12
15,34.25,0.06666666666666667,0.029197080292,13.2470882514,0.919506111666,700.4450232509855,0.77050622526,2.57146670438343,3.21349053595e-16,1.37303311314e-15,1.054475951e-12
15,34.0,0.06666666666666667,0.0294117647059,13.2330872515,0.919022571725,700.4935805418073,0.769504523778,2.54195545863031,-1.07027326624e-14,-7.18091720097e-16,1.47308554244e-12
15,33.75,0.06666666666666667,0.0296296296296,13.2189230891,0.918533121063,700.5424293835305,0.768493305879,2.51242221470484,-6.44734797912e-16,5.52702840494e-16,-1.2137235661e-12
15,33.5,0.06666666666666667,0.0298507462687,13.2045970763,0.918037636715,700.5915421185379,0.767472449595,2.48286884743962,5.70820839462e-15,-6.3733398608e-15,1.47298839792e-13
15,33.25,0.06666666666666667,0.0300751879699,13.1901097352,0.917535994706,700.6409132176743,0.766441826442,2.45329729089374,3.86025414718e-14,1.22452858834e-15,1.48686618573e-12
15,33.0,0.06666666666666667,0.030303030303,13.1754609773,0.917028069498,700.6905435755164,0.765401300792,2.42370953207804,-1.03370627792e-13,4.49096620076e-16,5.00127717018e-13
15,32.75,0.06666666666666667,0.030534351145,13.1606502308,0.916513733556,700.7404362095652,0.764350731989,2.39410761543740,3.19550298664e-14,3.65775869089e-16,-5.78564973708e-13
15,32.5,0.06666666666666667,0.0307692307692,13.1456765339,0.915992856982,700.7904964241283,0.76328997341,2.36449364135223,3.80135765937e-15,-2.83769167888e-14,2.2021828805e-12
15,32.25,0.06666666666666667,0.031007751938,13.1304985182,0.915464988498,700.8408707352595,0.762218266446,2.33486977118628,-2.07990787637e-08,-3.03707633705e-12,-1.18155485396e-12
15,32.0,0.06666666666666667,0.03125,13.1244951546,0.914930703393,701.2837840935487,0.755500472256,2.30591075617148,-1.74158614133e-08,-2.98164248088e-07,6.85295570291e-13
15,31.75,0.06666666666666667,0.0314960629921,13.1007628926,0.91438926086,700.987409444257,0.759410487535,2.27560988699289,-2.5013721723e-08,-3.38974545296e-08,-4.31460422945e-13
15,31.5,0.06666666666666667,0.031746031746,13.0864169665,0.91384073837,701.0951618826846,0.757502955594,2.24600500609090,-3.34689287243e-08,-7.70189939608e-08,2.78825573741e-13
15,31.25,0.06666666666666667,0.032,13.0685572582,0.913284987126,701.0596303987089,0.757627952851,2.21632158447914,-4.13973667879e-08,-1.07038666807e-08,-1.80691572815e-12
15,31.0,0.06666666666666667,0.0322580645161,13.0586210726,0.912721924227,701.3702392608213,0.752743944264,2.18700010498302,-4.53815476409e-08,-2.12313836826e-07,-3.05961853075e-13
15,30.75,0.06666666666666667,0.0325203252033,13.0374773887,0.912151275974,701.2104387560814,0.754688363951,2.15706314568756,-5.12378795184e-08,-4.73961851673e-08,8.71941407965e-13
15,30.5,0.06666666666666667,0.0327868852459,13.0344167707,0.911573013641,701.8239516018555,0.74511632737,2.12908345764623,-5.61304517108e-08,-4.98112093091e-07,7.46069872548e-14
15,30.25,0.06666666666666667,0.0330578512397,13.005902131,0.910986804142,701.3727213387795,0.751546005021,2.09786015339960,-5.98998556843e-08,-9.29387935778e-08,-9.84728965037e-12
15,30.0,0.06666666666666667,0.0333333333333,12.9833298202,0.910392649297,701.1683204963745,0.754064901032,2.06827509197835,-6.22657469457e-08,1.08623196783e-07,-2.7344237985e-12
15,29.75,0.06666666666666667,0.0336134453782,12.9708778795,0.909790285619,701.4181207219173,0.750069770872,2.03862015312530,-6.55757776774e-08,-4.55075981565e-08,-2.8582691769e-12
15,29.5,0.06666666666666667,0.0338983050847,12.9528213439,0.909179544448,701.4295203337341,0.749486144696,2.00903570564978,-6.96937971558e-08,-1.20196172207e-08,-2.23583651593e-11
15,29.25,0.06666666666666667,0.034188034188,12.9405491439,0.908560306207,701.7022466269729,0.745028079721,1.97970696843901,-7.10305474451e-08,-1.90230736964e-07,-5.14860376555e-12
15,29.0,0.06666666666666667,0.0344827586207,12.91963885,0.907932318535,701.6078041882926,0.746026863259,1.94998588832667,-7.25093487958e-08,-6.89216124332e-08,2.36907715667e-12
15,28.75,0.06666666666666667,0.0347826086957,12.9057215938,0.907295329133,701.8275871437901,0.742300111311,1.92070942788409,-8.01097774565e-08,-2.06393672756e-07,-2.77433631624e-12
15,28.5,0.06666666666666667,0.0350877192982,12.8661246354,0.906649438134,700.891604020774,0.755106733911,1.89304645306810,-7.68155485485e-08,5.87450507614e-07,3.76060294016e-13
15,28.25,0.06666666666666667,0.0353982300885,12.866782933,0.905993999912,701.8083132290529,0.741725063179,1.86161092560841,-7.96943400248e-08,-1.0068975385e-07,-7.57851247035e-13
15,28.0,0.06666666666666667,0.0357142857143,12.8386450353,0.905329160364,701.4189992799045,0.74695823434,1.83255446706641,-7.93231743694e-08,2.66097647664e-07,1.69343705725e-14
15,27.75,0.06666666666666667,0.036036036036,12.8308613675,0.904654534186,701.9606734943454,0.738533943273,1.80289873037985,-8.0118598235e-08,-1.3647855288e-07,-7.66053886991e-14
15,27.5,0.06666666666666667,0.0363636363636,12.7997579224,0.903969973902,701.4532913515916,0.745514566151,1.77408773678572,-8.05880166323e-08,3.34137497476e-07,-1.70370662023e-13
15,27.25,0.06666666666666667,0.0366972477064,12.7927524098,0.903275305291,702.0566482884452,0.736160351858,1.74429756413443,-7.72066212055e-08,-1.23608436494e-07,-8.31112956234e-13
15,27.0,0.06666666666666667,0.037037037037,12.7703280963,0.902570361288,701.9698048383624,0.737024216399,1.71500346149696,-7.03290478414e-08,3.49644612715e-10,-2.00167660225e-12
15,26.75,0.06666666666666667,0.0373831775701,12.7525384744,0.90185501867,702.1013920179685,0.734538640022,1.68586523131804,-5.03525840775e-08,-6.45501144354e-08,-5.0157100695e-13
15,26.5,0.06666666666666667,0.0377358490566,12.7321433047,0.901128873592,702.1276253937849,0.733657591871,1.65675123352579,-2.84390893231e-08,-3.7341231751e-08,7.25808302349e-14
15,26.25,0.06666666666666667,0.0380952380952,12.7112515662,0.900391765536,702.1440050285826,0.732933038868,1.62770737012782,1.46567341292e-15,-1.60548222013e-16,-6.4681177081e-11
15,26.0,0.06666666666666667,0.0384615384615,12.6909696989,0.899642939954,702.2028313604627,0.731539207521,1.59873768941265,-8.066739449e-17,-8.57798147138e-15,5.06825137414e-12
15,25.75,0.06666666666666667,0.0388349514563,12.6703891224,0.898882597181,702.2611083470895,0.730128979701,1.56983958477053,-3.03482793044e-14,-8.65088029622e-15,-5.37014877011e-13
15,25.5,0.06666666666666667,0.0392156862745,12.6494879719,0.89811052571,702.3207670079213,0.728701929959,1.54101699338752,8.23169996251e-15,2.14718322187e-14,-3.33816307929e-13
15,25.25,0.06666666666666667,0.039603960396,12.628739215,0.897324405057,702.3806439901007,0.727261208201,1.51227445698411,1.9453259628e-14,7.53134625447e-15,-1.15266129974e-12
15,25.0,0.06666666666666667,0.04,12.6077886953,0.896525395015,702.4409123313517,0.72580395719,1.48361645269357,1.35964204034e-15,-1.10647987288e-15,4.711231405e-13
15,24.75,0.06666666666666667,0.040404040404,12.586552048,0.895713518422,702.5016163555134,0.724329267376,1.45504756326845,-1.24094688992e-14,2.44229605496e-14,1.15496501252e-12
15,24.5,0.06666666666666667,0.0408163265306,12.5748468321,0.894887888707,703.0175942084305,0.715438137571,1.42730652154677,-4.7139581971e-08,-4.31748928455e-07,1.70308211977e-12
15,24.25,0.06666666666666667,0.0412371134021,12.5429792405,0.89404937443,702.6242438833365,0.721328017453,1.39819597907998,-6.72373285382e-08,2.53069621838e-10,1.52053369895e-12
15,24.0,0.06666666666666667,0.0416666666667,12.5242297836,0.893198490399,702.8542991154844,0.717098459912,1.37001897514879,-3.8252540496e-08,-1.59775109495e-07,-1.31164523687e-12
15,23.75,0.06666666666666667,0.0421052631579,12.4976639236,0.892335110089,702.7493915702571,0.718241837626,1.34175847576834,5.75767662434e-13,2.85615105562e-14,-1.3628265183e-12
15,23.5,0.06666666666666667,0.0425531914894,12.4748516155,0.891454098423,702.812406294518,0.716674175495,1.31370760445227,-6.1155880224e-14,-1.31266782795e-14,1.59627866481e-12
15,23.25,0.06666666666666667,0.0430107526882,12.4654707455,0.890556403408,703.4976176749836,0.704584073894,1.28710336904535,-2.17145137905e-08,-6.23239138229e-07,8.7184426345e-13
15,23.0,0.06666666666666667,0.0434782608696,12.4387884805,0.889643845397,703.4166742804541,0.705476597267,1.25873235423448,-6.57788235176e-08,-4.78675957955e-07,4.97712981939e-13
15,22.75,0.06666666666666667,0.043956043956,12.4108912696,0.888716836335,703.2956426686558,0.707018876137,1.23056711082361,-6.08864863779e-08,-2.91803927649e-07,3.54855034246e-13
15,22.5,0.06666666666666667,0.0444444444444,12.386286559,0.887774171607,703.3421974179824,0.705659086746,1.20298727492774,-3.57771618809e-08,-2.75722021146e-07,1.12580084144e-12
15,22.25,0.06666666666666667,0.0449438202247,12.3560061136,0.886815036047,703.1339190400435,0.708534333483,1.17534420667778,5.97046080652e-15,3.85466641922e-15,1.4211132271e-12
15,22.0,0.06666666666666667,0.0454545454545,12.3310715701,0.885838220668,703.1998613361121,0.706841732489,1.14808872070707,-1.70842005365e-14,-3.61042492243e-14,7.91977594616e-13
15,21.75,0.06666666666666667,0.0459770114943,12.3059088569,0.884843117631,703.2662638799479,0.705127893344,1.12098580378442,-1.47634774753e-13,1.69640233643e-14,-2.93626234438e-13
15,21.5,0.06666666666666667,0.046511627907,12.2804206499,0.883829656689,703.3331786794122,0.703391634879,1.09404147374175,-1.37813566643e-12,-6.76117157082e-15,-7.11541936482e-13
15,21.25,0.06666666666666667,0.0470588235294,12.2545640441,0.882797489898,703.4006314244835,0.701632189104,1.06726186320984,1.65243760481e-13,4.61295479286e-13,2.37415122284e-13
15,21.0,0.06666666666666667,0.047619047619,12.2338324761,0.881746078145,703.7370121217393,0.695266925024,1.04086825629371,-8.0377308259e-10,-2.85930360794e-07,2.44110287539e-14
15,20.75,0.06666666666666667,0.0481927710843,12.2034667694,0.880674671173,703.6248550742112,0.696558730004,1.01424424627017,-1.34311159148e-08,-9.34796737454e-08,2.25326701742e-13
15,20.5,0.06666666666666667,0.0487804878049,12.1818442368,0.87958292395,703.957069160515,0.690107634149,0.988335684399728,-2.47873415863e-08,-3.83600171719e-07,-1.09967590589e-13
15,20.25,0.06666666666666667,0.0493827160494,12.1472287325,0.878470168698,703.6760974910617,0.694350646266,0.961917330494862,-3.44971603919e-08,-1.36881847765e-11,2.23779328401e-16
15,20.0,0.06666666666666667,0.05,12.1219278189,0.877335809689,703.8737264023941,0.690277651275,0.936102552816622,-4.4292774978e-08,-1.40015511666e-07,-2.86030227281e-12
15,19.75,0.06666666666666667,0.0506329113924,12.0928923442,0.876179210846,703.9068175533814,0.689012577849,0.910423285664327,-5.08326934368e-08,-9.93833392013e-08,-3.84407783383e-13
15,19.5,0.06666666666666667,0.0512820512821,12.0621942937,0.874999589386,703.8786250166612,0.688796274434,0.884956399913049,-6.12832230747e-08,1.15311452314e-08,2.32563968083e-13
15,19.25,0.06666666666666667,0.0519480519481,12.0332259984,0.873796389036,703.9597918163593,0.686672300439,0.859728788022269,-6.45626273799e-08,1.2554020895e-09,-4.58209858945e-14
15,19.0,0.06666666666666667,0.0526315789474,12.0006733372,0.87256878411,703.8809010717671,0.687279719405,0.834786560970541,-6.65432583581e-08,1.72911204152e-07,3.1918911958e-13
15,18.75,0.06666666666666667,0.0533333333333,11.9696558216,0.871315961637,703.9047114674652,0.686110388357,0.810059783145449,-6.94487203784e-08,2.30992712596e-07,-1.91791027504e-13
15,18.5,0.06666666666666667,0.0540540540541,11.9459487183,0.870037176342,704.3323517476665,0.677898095666,0.785484176573316,-6.82493571077e-08,-1.7726078054e-07,4.59299265287e-13
15,18.25,0.06666666666666667,0.0547945205479,11.9083175314,0.86873155909,704.066229191038,0.681789497997,0.761230538014653,-6.5189392604e-08,2.21334040897e-07,5.41691691502e-12
15,18.0,0.06666666666666667,0.0555555555556,11.8785507498,0.867398068829,704.2365947064116,0.678051548712,0.737135997394462,-7.06524547247e-08,1.12616133919e-07,-2.39777642186e-12
15,17.75,0.06666666666666667,0.056338028169,11.8559159756,0.866036259344,704.7982495331762,0.667035247928,0.713723458707159,-5.26417619217e-08,-4.8020946346e-07,-1.73291936356e-13
15,17.5,0.06666666666666667,0.0571428571429,11.8119763334,0.864644648317,704.2882922575991,0.675503408109,0.689939865918067,-4.28933125072e-08,2.36502542804e-07,7.04158953369e-13
15,17.25,0.06666666666666667,0.0579710144928,11.7796365321,0.863222476974,704.4099024278181,0.672539590608,0.666685212897717,-2.73822395161e-08,1.86171225685e-07,1.07627795565e-12
15,17.0,0.06666666666666667,0.0588235294118,11.7487515468,0.861768596982,704.6403782752841,0.667583366177,0.643699650772772,-1.09478594897e-08,2.00803056781e-11,-3.17668114036e-12
15,16.75,0.06666666666666667,0.0597014925373,11.7145362163,0.860280820781,704.7225086141079,0.665243580862,0.621060202156328,-2.66069024612e-08,-3.61391867815e-09,-1.47248185867e-12
15,16.5,0.06666666666666667,0.0606060606061,11.6795155362,0.85876047401,704.799504063684,0.662970821534,0.598722298335507,1.53765647506e-14,3.44952907308e-15,4.96359897628e-13
15,16.25,0.06666666666666667,0.0615384615385,11.6437629604,0.857205471631,704.880554798882,0.66060588052,0.576694032120563,-2.58512676733e-14,-9.13069295113e-15,-5.2065990408e-13
15,16.0,0.06666666666666667,0.0625,11.6075432814,0.855612835172,704.9619526811165,0.658203026897,0.554983484488201,-9.55326929647e-12,1.08204174475e-12,5.56714396804e-13
15,15.75,0.06666666666666667,0.0634920634921,11.570949683,0.853980374813,705.0440897857193,0.655762092488,0.533598801088965,-1.4156097995e-13,3.09598393066e-13,4.89330798104e-13
15,15.5,0.06666666666666667,0.0645161290323,11.5336090605,0.852309002777,705.127233071254,0.653278860886,0.512548140640775,-4.32159428414e-15,1.14241522841e-14,-9.1546215053e-13
15,15.25,0.06666666666666667,0.0655737704918,11.495535132,0.850597002853,705.2112357606027,0.650752355795,0.491839661743614,3.6871323177e-14,3.1439904965e-14,1.50018886202e-13
15,15.0,0.06666666666666667,0.0666666666667,11.4569130012,0.848842728477,705.3079350024911,0.647959722643,0.471481795933076,-5.15674064428e-09,-1.61240381202e-08,-2.43832731783e-14
15,14.75,0.06666666666666667,0.0677966101695,11.4167171459,0.847047478635,705.3824202925884,0.6455608058,0.451481931634628,5.38592719186e-14,8.98469972558e-15,-2.68118860447e-14
15,14.5,0.06666666666666667,0.0689655172414,11.3780092974,0.845200494135,705.5396086321394,0.641556406642,0.431857679394182,-1.10865424042e-09,-9.91526413202e-08,-1.72612792115e-13
15,14.25,0.06666666666666667,0.0701754385965,11.3426136502,0.84330826297,705.9458886691186,0.632516600794,0.412855785810903,-1.2226075343e-08,-5.6367707542e-07,3.1732255712e-13
